HashMap Linear 82494, 1753896
HashMap Linked List 61988,1336288
HashMap Array List 166496, 1358296
HashMap Linear 50367, 1332280
HashMap Linked List 49239,1337808
HashMap Array List 119853, 1358336
HashMap Linear 48313, 1332232
HashMap Linked List 64396,1337872
HashMap Array List 92028, 1358600
HashMap Linear 161379, 1332248
HashMap Linked List 48213,1337904
HashMap Array List 82232, 1358312
HashMap Linear 67465, 1332248
HashMap Linked List 68486,1337904
HashMap Array List 83351, 1358816
HashMap Linear 42600, 1332232
HashMap Linked List 38514,1337872
HashMap Array List 64999, 1358488
HashMap Linear 109115, 1332248
HashMap Linked List 40121,1337904
HashMap Array List 61393, 1358256
HashMap Linear 42394, 1332216
HashMap Linked List 20974,1337840
HashMap Array List 59437, 1358496
HashMap Linear 29625, 1332264
HashMap Linked List 20509,1337936
HashMap Array List 32817, 1358584
HashMap Linear 24150, 1332264
HashMap Linked List 18412,1337936
HashMap Array List 31453, 1358472
HashMap Linear 21461, 1332248
HashMap Linked List 19660,1337904
HashMap Array List 30016, 1358592
HashMap Linear 28379, 1332200
HashMap Linked List 19977,1337808
HashMap Array List 36496, 1358448
HashMap Linear 32465, 1332248
HashMap Linked List 22151,1337904
HashMap Array List 33718, 1358592
HashMap Linear 23886, 1332248
HashMap Linked List 21078,1337904
HashMap Array List 32679, 1358312
HashMap Linear 23854, 1332264
HashMap Linked List 18210,1337936
HashMap Array List 68013, 1358696
